<?xml version="1.0" encoding="UTF-8"?>
<GenRun Id="ram_synth_1" LaunchPart="xc7a35tcpg236-1" LaunchTime="1697123140">
  <File Type="PA-TCL" Name="ram.tcl"/>
  <File Type="REPORTS-TCL" Name="ram_reports.tcl"/>
  <File Type="RDS-RDS" Name="ram.vds"/>
  <File Type="RDS-UTIL" Name="ram_utilization_synth.rpt"/>
  <File Type="RDS-UTIL-PB" Name="ram_utilization_synth.pb"/>
  <File Type="RDS-DCP" Name="ram.dcp"/>
  <FileSet Name="sources" Type="BlockSrcs" RelSrcDir="$PSRCDIR/ram" RelGenDir="$PGENDIR/ram">
    <File Path="$PSRCDIR/sources_1/ip/ram/ram.xci">
      <FileInfo>
        <Attr Name="UsedIn" Val="synthesis"/>
        <Attr Name="UsedIn" Val="implementation"/>
        <Attr Name="UsedIn" Val="simulation"/>
      </FileInfo>
    </File>
    <Config>
      <Option Name="TopModule" Val="ram"/>
      <Option Name="UseBlackboxStub" Val="1"/>
    </Config>
  </FileSet>
  <FileSet Name="constrs_in" Type="BlockSrcs" RelSrcDir="$PSRCDIR/ram" RelGenDir="$PGENDIR/ram">
    <File Path="$PSRCDIR/sources_1/ip/ram/ram.xci">
      <FileInfo>
        <Attr Name="UsedIn" Val="synthesis"/>
        <Attr Name="UsedIn" Val="implementation"/>
        <Attr Name="UsedIn" Val="simulation"/>
      </FileInfo>
    </File>
    <Config>
      <Option Name="TopModule" Val="ram"/>
      <Option Name="UseBlackboxStub" Val="1"/>
    </Config>
  </FileSet>
  <FileSet Name="utils" Type="Utils" RelSrcDir="$PSRCDIR/utils_1" RelGenDir="$PGENDIR/utils_1">
    <Filter Type="Utils"/>
    <File Path="$PSRCDIR/utils_1/imports/synth_1/root.dcp">
      <FileInfo>
        <Attr Name="UsedIn" Val="synthesis"/>
        <Attr Name="UsedIn" Val="implementation"/>
        <Attr Name="UsedInSteps" Val="synth_1"/>
        <Attr Name="AutoDcp" Val="1"/>
      </FileInfo>
    </File>
    <Config>
      <Option Name="TopAutoSet" Val="TRUE"/>
    </Config>
  </FileSet>
  <Strategy Version="1" Minor="2">
    <StratHandle Name="Vivado Synthesis Defaults" Flow="Vivado Synthesis 2023"/>
    <Step Id="synth_design"/>
  </Strategy>
</GenRun>
