<?xml version="1.0"?>
<Runs Version="1" Minor="0">
	<Run Id="gen_rom_synth_1" LaunchDir="/home/btech/tt1211139/hw2_final/hw2_final.runs/gen_rom_synth_1" FlowId="Vivado_Synthesis" FromStepId="vivado" ToStepId="vivado"/>
	<Run Id="synth_1" LaunchDir="/home/btech/tt1211139/hw2_final/hw2_final.runs/synth_1" FlowId="Vivado_Synthesis" FromStepId="vivado" ToStepId="vivado">
		<Parent Id="gen_rom_synth_1"/>
	</Run>
	<Parameters>
		<Parameter Name="runs.monitorLSFJobs" Val="true" Type="bool"/>
		<Parameter Name="runs.enableClusterConf" Val="true" Type="bool"/>
	</Parameters>
</Runs>

