<?xml version="1.0" encoding="UTF-8"?>
<GenRun Id="gen_rom_synth_1" LaunchPart="xc7a35tcpg236-1" LaunchTime="1697383017">
  <File Type="VDS-TIMING-PB" Name="gen_rom_timing_summary_synth.pb"/>
  <File Type="VDS-TIMINGSUMMARY" Name="gen_rom_timing_summary_synth.rpt"/>
  <File Type="RDS-DCP" Name="gen_rom.dcp"/>
  <File Type="RDS-UTIL-PB" Name="gen_rom_utilization_synth.pb"/>
  <File Type="RDS-UTIL" Name="gen_rom_utilization_synth.rpt"/>
  <File Type="RDS-PROPCONSTRS" Name="gen_rom_drc_synth.rpt"/>
  <File Type="RDS-RDS" Name="gen_rom.vds"/>
  <File Type="REPORTS-TCL" Name="gen_rom_reports.tcl"/>
  <File Type="PA-TCL" Name="gen_rom.tcl"/>
  <FileSet Name="sources" Type="BlockSrcs" RelSrcDir="$PSRCDIR/gen_rom">
    <File Path="$PSRCDIR/sources_1/ip/gen_rom/gen_rom.xci">
      <FileInfo>
        <Attr Name="UsedIn" Val="synthesis"/>
        <Attr Name="UsedIn" Val="implementation"/>
        <Attr Name="UsedIn" Val="simulation"/>
      </FileInfo>
    </File>
    <Config>
      <Option Name="TopModule" Val="gen_rom"/>
      <Option Name="UseBlackboxStub" Val="1"/>
    </Config>
  </FileSet>
  <FileSet Name="constrs_in" Type="BlockSrcs" RelSrcDir="$PSRCDIR/gen_rom">
    <File Path="$PSRCDIR/sources_1/ip/gen_rom/gen_rom.xci">
      <FileInfo>
        <Attr Name="UsedIn" Val="synthesis"/>
        <Attr Name="UsedIn" Val="implementation"/>
        <Attr Name="UsedIn" Val="simulation"/>
      </FileInfo>
    </File>
    <Config>
      <Option Name="TopModule" Val="gen_rom"/>
      <Option Name="UseBlackboxStub" Val="1"/>
    </Config>
  </FileSet>
  <FileSet Name="utils" Type="Utils" RelSrcDir="$PSRCDIR/utils_1">
    <Filter Type="Utils"/>
    <Config>
      <Option Name="TopAutoSet" Val="TRUE"/>
    </Config>
  </FileSet>
  <Strategy Version="1" Minor="2">
    <StratHandle Name="Vivado Synthesis Defaults" Flow="Vivado Synthesis 2022">
      <Desc>Vivado Synthesis Defaults</Desc>
    </StratHandle>
    <Step Id="synth_design"/>
  </Strategy>
</GenRun>
