<?xml version="1.0" encoding="UTF-8"?>
<GenRun Id="impl_1" LaunchPart="xc7a35tcpg236-1" LaunchTime="1697351186">
  <File Type="ROUTE-PWR" Name="vga_power_routed.rpt"/>
  <File Type="PA-TCL" Name="vga.tcl"/>
  <File Type="ROUTE-PWR-SUM" Name="vga_power_summary_routed.pb"/>
  <File Type="REPORTS-TCL" Name="vga_reports.tcl"/>
  <File Type="OPT-RQA-PB" Name="vga_rqa_opted.pb"/>
  <File Type="BITSTR-MMI" Name="vga.mmi"/>
  <File Type="OPT-METHODOLOGY-DRC" Name="vga_methodology_drc_opted.rpt"/>
  <File Type="INIT-TIMING" Name="vga_timing_summary_init.rpt"/>
  <File Type="OPT-TIMING" Name="vga_timing_summary_opted.rpt"/>
  <File Type="OPT-DCP" Name="vga_opt.dcp"/>
  <File Type="OPT-DRC" Name="vga_drc_opted.rpt"/>
  <File Type="OPT-HWDEF" Name="vga.hwdef"/>
  <File Type="PWROPT-DCP" Name="vga_pwropt.dcp"/>
  <File Type="PWROPT-DRC" Name="vga_drc_pwropted.rpt"/>
  <File Type="PWROPT-TIMING" Name="vga_timing_summary_pwropted.rpt"/>
  <File Type="PLACE-DCP" Name="vga_placed.dcp"/>
  <File Type="PLACE-IO" Name="vga_io_placed.rpt"/>
  <File Type="PLACE-CLK" Name="vga_clock_utilization_placed.rpt"/>
  <File Type="PLACE-UTIL" Name="vga_utilization_placed.rpt"/>
  <File Type="PLACE-UTIL-PB" Name="vga_utilization_placed.pb"/>
  <File Type="PLACE-CTRL" Name="vga_control_sets_placed.rpt"/>
  <File Type="PLACE-SIMILARITY" Name="vga_incremental_reuse_placed.rpt"/>
  <File Type="PLACE-PRE-SIMILARITY" Name="vga_incremental_reuse_pre_placed.rpt"/>
  <File Type="BG-BIN" Name="vga.bin"/>
  <File Type="PLACE-TIMING" Name="vga_timing_summary_placed.rpt"/>
  <File Type="ROUTE-PWR-RPX" Name="vga_power_routed.rpx"/>
  <File Type="PLACE-RQA-PB" Name="vga_rqa_placed.pb"/>
  <File Type="POSTPLACE-PWROPT-DCP" Name="vga_postplace_pwropt.dcp"/>
  <File Type="BITSTR-MSK" Name="vga.msk"/>
  <File Type="POSTPLACE-PWROPT-TIMING" Name="vga_timing_summary_postplace_pwropted.rpt"/>
  <File Type="PHYSOPT-DCP" Name="vga_physopt.dcp"/>
  <File Type="PHYSOPT-DRC" Name="vga_drc_physopted.rpt"/>
  <File Type="BITSTR-RBT" Name="vga.rbt"/>
  <File Type="PHYSOPT-TIMING" Name="vga_timing_summary_physopted.rpt"/>
  <File Type="ROUTE-ERROR-DCP" Name="vga_routed_error.dcp"/>
  <File Type="ROUTE-DCP" Name="vga_routed.dcp"/>
  <File Type="ROUTE-BLACKBOX-DCP" Name="vga_routed_bb.dcp"/>
  <File Type="ROUTE-DRC" Name="vga_drc_routed.rpt"/>
  <File Type="ROUTE-DRC-PB" Name="vga_drc_routed.pb"/>
  <File Type="ROUTE-DRC-RPX" Name="vga_drc_routed.rpx"/>
  <File Type="ROUTE-METHODOLOGY-DRC" Name="vga_methodology_drc_routed.rpt"/>
  <File Type="ROUTE-METHODOLOGY-DRC-RPX" Name="vga_methodology_drc_routed.rpx"/>
  <File Type="ROUTE-METHODOLOGY-DRC-PB" Name="vga_methodology_drc_routed.pb"/>
  <File Type="ROUTE-RQS-PB" Name="vga_rqs_routed.pb"/>
  <File Type="ROUTE-STATUS" Name="vga_route_status.rpt"/>
  <File Type="ROUTE-STATUS-PB" Name="vga_route_status.pb"/>
  <File Type="ROUTE-TIMINGSUMMARY" Name="vga_timing_summary_routed.rpt"/>
  <File Type="ROUTE-TIMING-PB" Name="vga_timing_summary_routed.pb"/>
  <File Type="ROUTE-TIMING-RPX" Name="vga_timing_summary_routed.rpx"/>
  <File Type="ROUTE-SIMILARITY" Name="vga_incremental_reuse_routed.rpt"/>
  <File Type="ROUTE-CLK" Name="vga_clock_utilization_routed.rpt"/>
  <File Type="ROUTE-BUS-SKEW" Name="vga_bus_skew_routed.rpt"/>
  <File Type="ROUTE-BUS-SKEW-PB" Name="vga_bus_skew_routed.pb"/>
  <File Type="ROUTE-BUS-SKEW-RPX" Name="vga_bus_skew_routed.rpx"/>
  <File Type="POSTROUTE-PHYSOPT-DCP" Name="vga_postroute_physopt.dcp"/>
  <File Type="POSTROUTE-PHYSOPT-BLACKBOX-DCP" Name="vga_postroute_physopt_bb.dcp"/>
  <File Type="POSTROUTE-PHYSOPT-TIMING" Name="vga_timing_summary_postroute_physopted.rpt"/>
  <File Type="POSTROUTE-PHYSOPT-TIMING-PB" Name="vga_timing_summary_postroute_physopted.pb"/>
  <File Type="POSTROUTE-PHYSOPT-TIMING-RPX" Name="vga_timing_summary_postroute_physopted.rpx"/>
  <File Type="POSTROUTE-PHYSOPT-BUS-SKEW" Name="vga_bus_skew_postroute_physopted.rpt"/>
  <File Type="BG-BIT" Name="vga.bit"/>
  <File Type="POSTROUTE-PHYSOPT-BUS-SKEW-PB" Name="vga_bus_skew_postroute_physopted.pb"/>
  <File Type="POSTROUTE-PHYSOPT-BUS-SKEW-RPX" Name="vga_bus_skew_postroute_physopted.rpx"/>
  <File Type="BITSTR-NKY" Name="vga.nky"/>
  <File Type="BITSTR-BMM" Name="vga_bd.bmm"/>
  <File Type="PDI-FILE" Name="vga.pdi"/>
  <File Type="BOOT-PDI-FILE" Name="vga_soc.pdi"/>
  <File Type="PL-PDI-FILE" Name="vga_pld.pdi"/>
  <File Type="RCFI_FILE" Name="vga.rcfi"/>
  <File Type="CFI_FILE" Name="vga.cfi"/>
  <File Type="RNPI_FILE" Name="vga.rnpi"/>
  <File Type="NPI_FILE" Name="vga.npi"/>
  <File Type="RBD_FILE" Name="vga.rbd"/>
  <File Type="BITSTR-LTX" Name="debug_nets.ltx"/>
  <File Type="BITSTR-LTX" Name="vga.ltx"/>
  <File Type="BITSTR-SYSDEF" Name="vga.sysdef"/>
  <File Type="BG-BGN" Name="vga.bgn"/>
  <File Type="BG-DRC" Name="vga.drc"/>
  <File Type="RDI-RDI" Name="vga.vdi"/>
  <File Type="WBT-USG" Name="usage_statistics_webtalk.html"/>
  <File Type="ROUTE-RQS" Name="vga_routed.rqs"/>
  <File Type="POSTROUTE-PHYSOPT-RQS" Name="vga_postroute_physopted.rqs"/>
  <File Type="ROUTE-RQS-RPT" Name="route_report_qor_suggestions_0.rpt"/>
  <File Type="POSTROUTE-PHYSOPT-RQS-RPT" Name="postroute_physopt_report_qor_suggestions_0.rpt"/>
  <FileSet Name="sources" Type="DesignSrcs" RelSrcDir="$PSRCDIR/sources_1" RelGenDir="$PGENDIR/sources_1">
    <Filter Type="Srcs"/>
    <File Path="$PSRCDIR/sources_1/ip/gen_rom/gen_rom.xci">
      <FileInfo>
        <Attr Name="UsedIn" Val="synthesis"/>
        <Attr Name="UsedIn" Val="implementation"/>
        <Attr Name="UsedIn" Val="simulation"/>
      </FileInfo>
    </File>
    <File Path="$PSRCDIR/sources_1/new/clock_divider.vhd">
      <FileInfo>
        <Attr Name="UsedIn" Val="synthesis"/>
        <Attr Name="UsedIn" Val="simulation"/>
      </FileInfo>
    </File>
    <File Path="$PSRCDIR/sources_1/new/counter.vhd">
      <FileInfo>
        <Attr Name="UsedIn" Val="synthesis"/>
        <Attr Name="UsedIn" Val="simulation"/>
      </FileInfo>
    </File>
    <File Path="$PSRCDIR/sources_1/new/vga.vhd">
      <FileInfo>
        <Attr Name="UsedIn" Val="synthesis"/>
        <Attr Name="UsedIn" Val="simulation"/>
      </FileInfo>
    </File>
    <File Path="$PSRCDIR/sources_1/new/root.vhd">
      <FileInfo>
        <Attr Name="UserDisabled" Val="1"/>
        <Attr Name="UsedIn" Val="synthesis"/>
        <Attr Name="UsedIn" Val="simulation"/>
      </FileInfo>
    </File>
    <File Path="$PPRDIR/sample_test_image.coe">
      <FileInfo>
        <Attr Name="UsedIn" Val="synthesis"/>
        <Attr Name="UsedIn" Val="simulation"/>
      </FileInfo>
    </File>
    <File Path="$PSRCDIR/sources_1/new/gradient.vhd">
      <FileInfo>
        <Attr Name="UserDisabled" Val="1"/>
        <Attr Name="UsedIn" Val="synthesis"/>
        <Attr Name="UsedIn" Val="simulation"/>
      </FileInfo>
    </File>
    <Config>
      <Option Name="DesignMode" Val="RTL"/>
      <Option Name="TopModule" Val="vga"/>
      <Option Name="TopAutoSet" Val="TRUE"/>
    </Config>
  </FileSet>
  <FileSet Name="constrs_in" Type="Constrs" RelSrcDir="$PSRCDIR/constrs_1" RelGenDir="$PGENDIR/constrs_1">
    <Filter Type="Constrs"/>
    <File Path="$PSRCDIR/constrs_1/imports/hw2/basys3.xdc">
      <FileInfo>
        <Attr Name="ImportPath" Val="$PPRDIR/basys3.xdc"/>
        <Attr Name="ImportTime" Val="1696934578"/>
        <Attr Name="UsedIn" Val="synthesis"/>
        <Attr Name="UsedIn" Val="implementation"/>
      </FileInfo>
    </File>
    <Config>
      <Option Name="ConstrsType" Val="XDC"/>
    </Config>
  </FileSet>
  <FileSet Name="utils" Type="Utils" RelSrcDir="$PSRCDIR/utils_1" RelGenDir="$PGENDIR/utils_1">
    <Filter Type="Utils"/>
    <File Path="$PSRCDIR/utils_1/imports/synth_1/root.dcp">
      <FileInfo>
        <Attr Name="UsedIn" Val="synthesis"/>
        <Attr Name="UsedIn" Val="implementation"/>
        <Attr Name="UsedInSteps" Val="synth_1"/>
        <Attr Name="AutoDcp" Val="1"/>
      </FileInfo>
    </File>
    <Config>
      <Option Name="TopAutoSet" Val="TRUE"/>
    </Config>
  </FileSet>
  <Strategy Version="1" Minor="2">
    <StratHandle Name="Vivado Implementation Defaults" Flow="Vivado Implementation 2023">
      <Desc>Default settings for Implementation.</Desc>
    </StratHandle>
    <Step Id="init_design"/>
    <Step Id="opt_design"/>
    <Step Id="power_opt_design"/>
    <Step Id="place_design"/>
    <Step Id="post_place_power_opt_design"/>
    <Step Id="phys_opt_design"/>
    <Step Id="route_design"/>
    <Step Id="post_route_phys_opt_design"/>
    <Step Id="write_bitstream">
      <Option Id="MaskFileBool">1</Option>
      <Option Id="RawbitFileBool">1</Option>
      <Option Id="ReadbackFileBool">1</Option>
      <Option Id="BinFile">1</Option>
      <Option Id="NoBinaryBitfileBool">1</Option>
      <Option Id="VerboseBool">1</Option>
      <Option Id="LogicLocationFileBool">1</Option>
    </Step>
  </Strategy>
</GenRun>
